,start station id,start station latitude,start station longitude,start station name,id
0,72.0,40.76727216,-73.99392888,W 52 St & 11 Ave,0
1,79.0,40.71911552,-74.00666661,Franklin St & W Broadway,1
2,82.0,40.71117416,-74.00016545,St James Pl & Pearl St,2
3,83.0,40.68382604,-73.97632328,Atlantic Ave & Fort Greene Pl,3
4,119.0,40.69608941,-73.97803415,Park Ave & St Edwards St,4
5,120.0,40.68676793,-73.95928168,Lexington Ave & Classon Ave,5
6,127.0,40.73172428,-74.00674436,Barrow St & Hudson St,6
7,128.0,40.72710258,-74.00297088,MacDougal St & Prince St,7
8,143.0,40.69239502,-73.99337909,Clinton St & Joralemon St,8
9,144.0,40.69839895,-73.98068914,Nassau St & Navy St,9
10,146.0,40.71625008,-74.0091059,Hudson St & Reade St,10
11,150.0,40.7208736,-73.98085795,E 2 St & Avenue C,11
12,151.0,40.722103786686034,-73.99724900722504,Cleveland Pl & Spring St,12
13,157.0,40.69089272,-73.99612349,Henry St & Atlantic Ave,13
14,161.0,40.72917025,-73.99810231,LaGuardia Pl & W 3 St,14
15,164.0,40.75323098,-73.97032517,E 47 St & 2 Ave,15
16,167.0,40.7489006,-73.97604882,E 39 St & 3 Ave,16
17,168.0,40.73971301,-73.99456405,W 18 St & 6 Ave,17
18,173.0,40.76068327096592,-73.9845272898674,Broadway & W 49 St,18
19,174.0,40.7381765,-73.97738662,E 25 St & 1 Ave,19
20,195.0,40.70905623,-74.01043382,Liberty St & Broadway,20
21,212.0,40.74334935,-74.00681753,W 16 St & The High Line,21
22,216.0,40.70037867,-73.99548059,Columbia Heights & Cranberry St,22
23,217.0,40.70277159,-73.99383605,Old Fulton St,23
24,223.0,40.73781509,-73.99994661,W 13 St & 7 Ave,24
25,224.0,40.71146364,-74.00552427,Spruce St & Nassau St,25
26,228.0,40.7546011026,-73.971878855,E 48 St & 3 Ave,26
27,229.0,40.72743423,-73.99379025,Great Jones St,27
28,236.0,40.7284186,-73.98713956,St Marks Pl & 2 Ave,28
29,237.0,40.73047309,-73.98672378,E 11 St & 2 Ave,29
30,238.0,40.7361967,-74.00859207,Bank St & Washington St,30
31,239.0,40.69196566,-73.9813018,Willoughby St & Fleet St,31
32,241.0,40.68981035,-73.97493121,DeKalb Ave & S Portland Ave,32
33,242.0,40.697787,-73.973736,Carlton Ave & Flushing Ave,33
34,243.0,40.688226,-73.979382,Fulton St & Rockwell Pl,34
35,244.0,40.69196035,-73.96536851,Willoughby Ave & Hall St,35
36,245.0,40.69327018,-73.97703874,Myrtle Ave & St Edwards St,36
37,247.0,40.73535398,-74.00483091,Perry St & Bleecker St,37
38,248.0,40.72185379,-74.00771779,Laight St & Hudson St,38
39,249.0,40.71870987,-74.0090009,Harrison St & Hudson St,39
40,251.0,40.72317958,-73.99480012,Mott St & Prince St,40
41,252.0,40.73226398,-73.99852205,MacDougal St & Washington Sq,41
42,254.0,40.73532427,-73.99800419,W 11 St & 6 Ave,42
43,257.0,40.71939226,-74.00247214,Lispenard St & Broadway,43
44,258.0,40.68940747,-73.96885458,DeKalb Ave & Vanderbilt Ave,44
45,259.0,40.70122128,-74.01234218,South St & Whitehall St,45
46,260.0,40.70365182,-74.01167797,Broad St & Bridge St,46
47,261.0,40.69474881,-73.98362464,Johnson St & Gold St,47
48,262.0,40.6917823,-73.9737299,Washington Park,48
49,264.0,40.70706456,-74.00731853,Maiden Ln & Pearl St,49
50,265.0,40.72229346,-73.99147535,Stanton St & Chrystie St,50
51,266.0,40.72368361,-73.97574813,Avenue D & E 8 St,51
52,267.0,40.75097711,-73.98765428,Broadway & W 36 St,52
53,268.0,40.71910537,-73.99973337,Howard St & Centre St,53
54,270.0,40.69308257,-73.97178913,Adelphi St & Myrtle Ave,54
55,274.0,40.68691865,-73.976682,Lafayette Ave & Fort Greene Pl,55
56,275.0,40.68650065,-73.96563307,Washington Ave & Greene Ave,56
57,276.0,40.71748752,-74.0104554,Duane St & Greenwich St,57
58,278.0,40.69766564,-73.98476437,Concord St & Bridge St,58
59,279.0,40.707873,-74.00167,Peck Slip & Front St,59
60,280.0,40.73331967,-73.99510132,E 10 St & 5 Ave,60
61,281.0,40.7643971,-73.97371465,Grand Army Plaza & Central Park S,61
62,282.0,40.707644944175705,-73.96841526031494,Kent Ave & S 11 St,62
63,285.0,40.73454567,-73.99074142,Broadway & E 14 St,63
64,289.0,40.6845683,-73.95881081,Monroe St & Classon Ave,64
65,291.0,40.713126,-73.984844,Madison St & Montgomery St,65
66,293.0,40.73020660529954,-73.99102628231049,Lafayette St & E 8 St,66
67,295.0,40.71406667,-73.99293911,Pike St & E Broadway,67
68,296.0,40.71413089,-73.9970468,Division St & Bowery,68
69,297.0,40.734232,-73.986923,E 15 St & 3 Ave,69
70,298.0,40.68683208,-73.9796772,3 Ave & Schermerhorn St,70
71,301.0,40.72217444,-73.98368779,E 2 St & Avenue B,71
72,302.0,40.72082834,-73.97793172,Avenue D & E 3 St,72
73,303.0,40.72362738,-73.99949601,Mercer St & Spring St,73
74,304.0,40.70463334,-74.01361706,Broadway & Battery Pl,74
75,305.0,40.76095756,-73.96724467,E 58 St & 3 Ave,75
76,307.0,40.71427487,-73.98990025,Canal St & Rutgers St,76
77,308.0,40.71307916,-73.99851193,St James Pl & Oliver St,77
78,309.0,40.7149787,-74.013012,Murray St & West St,78
79,310.0,40.68926942,-73.98912867,State St & Smith St,79
80,311.0,40.7172274,-73.98802084,Norfolk St & Broome St,80
81,312.0,40.722055,-73.989111,Allen St & Stanton St,81
82,313.0,40.69610226,-73.96751037,Washington Ave & Park Ave,82
83,314.0,40.69383,-73.990539,Cadman Plaza West & Montague St,83
84,315.0,40.70355377,-74.00670227,South St & Gouverneur Ln,84
85,316.0,40.70955958,-74.00653609,Fulton St & William St,85
86,317.0,40.72453734,-73.98185424,E 6 St & Avenue B,86
87,319.0,40.711066,-74.009447,Fulton St & Broadway,87
88,320.0,40.717571,-74.005549,Leonard St & Church St,88
89,321.0,40.69991755,-73.98971773,Cadman Plaza E & Red Cross Pl,89
90,323.0,40.69236178,-73.98631746,Lawrence St & Willoughby St,90
91,324.0,40.689888,-73.981013,DeKalb Ave & Hudson Ave,91
92,325.0,40.73624527,-73.98473765,E 19 St & 3 Ave,92
93,326.0,40.72953837,-73.98426726,E 11 St & 1 Ave,93
94,327.0,40.7153379,-74.01658354,Vesey Pl & River Terrace,94
95,328.0,40.72405549,-74.00965965,Watts St & Greenwich St,95
96,330.0,40.71450451,-74.00562789,Reade St & Broadway,96
97,331.0,40.71173107,-73.99193043,Pike St & Monroe St,97
98,332.0,40.71219906,-73.97948148,Cherry St,98
99,334.0,40.74238787,-73.99726235,W 20 St & 7 Ave,99
100,335.0,40.72903917,-73.99404649,Washington Pl & Broadway,100
101,336.0,40.73047747,-73.99906065,Sullivan St & Washington Sq,101
102,337.0,40.7037992,-74.00838676,Old Slip & Front St,102
103,339.0,40.72580614,-73.97422494,Avenue D & E 12 St,103
104,340.0,40.71269042,-73.98776323,Madison St & Clinton St,104
105,341.0,40.71782143,-73.97628939,Stanton St & Mangin St,105
106,342.0,40.71739973,-73.98016555,Columbia St & Rivington St,106
107,343.0,40.69794,-73.96986848,Clinton Ave & Flushing Ave,107
108,344.0,40.6851443,-73.95380904,Monroe St & Bedford Ave,108
109,346.0,40.73652889,-74.00618026,Bank St & Hudson St,109
110,347.0,40.728846,-74.008591,Greenwich St & W Houston St,110
111,349.0,40.71850211,-73.98329859,Rivington St & Ridge St,111
112,350.0,40.71559509,-73.9870295,Clinton St & Grand St,112
113,351.0,40.70530954,-74.00612572,Front St & Maiden Ln,113
114,353.0,40.68539567,-73.97431458,S Portland Ave & Hanson Pl,114
115,354.0,40.69363137,-73.96223558,Emerson Pl & Myrtle Ave,115
116,355.0,40.71602118,-73.99974372,Bayard St & Baxter St,116
117,356.0,40.71622644,-73.98261206,Bialystoker Pl & Delancey St,117
118,357.0,40.73261787,-73.99158043,E 11 St & Broadway,118
119,358.0,40.73291553,-74.00711384,Christopher St & Greenwich St,119
120,359.0,40.75510267,-73.97498696,E 47 St & Park Ave,120
121,360.0,40.70717936,-74.00887308,William St & Pine St,121
122,361.0,40.71605866,-73.99190759,Allen St & Hester St,122
123,362.0,40.75172632,-73.98753523,Broadway & W 37 St,123
124,363.0,40.70834698,-74.01713445,West Thames St,124
125,364.0,40.68900443,-73.96023854,Lafayette Ave & Classon Ave,125
126,365.0,40.68223166,-73.9614583,Fulton St & Grand Ave,126
127,366.0,40.693261,-73.968896,Clinton Ave & Myrtle Ave,127
128,368.0,40.73038599,-74.00214988,Carmine St & 6 Ave,128
129,369.0,40.73224119,-74.00026394,Washington Pl & 6 Ave,129
130,372.0,40.694546087246025,-73.95801365375519,Franklin Ave & Myrtle Ave,130
131,373.0,40.69331716,-73.95381995,Willoughby Ave & Walworth St,131
132,376.0,40.70862144,-74.00722156,John St & William St,132
133,377.0,40.72243797,-74.00566443,6 Ave & Canal St,133
134,379.0,40.749156,-73.9916,W 31 St & 7 Ave,134
135,380.0,40.73401143,-74.00293877,W 4 St & 7 Ave S,135
136,382.0,40.73492695,-73.99200509,University Pl & E 14 St,136
137,383.0,40.735238,-74.000271,Greenwich Ave & Charles St,137
138,385.0,40.75797322,-73.96603308,E 55 St & 2 Ave,138
139,386.0,40.71494807,-74.00234482,Centre St & Worth St,139
140,387.0,40.71273266,-74.0046073,Centre St & Chambers St,140
141,388.0,40.749717753,-74.002950346,W 26 St & 10 Ave,141
142,389.0,40.71044554,-73.96525063,Broadway & Berry St,142
143,390.0,40.69221589,-73.9842844,Duffield St & Willoughby St,143
144,391.0,40.69760127,-73.99344559,Clark St & Henry St,144
145,392.0,40.695065,-73.987167,Jay St & Tech Pl,145
146,393.0,40.72299208,-73.97995466,E 5 St & Avenue C,146
147,394.0,40.72521311,-73.97768752,E 9 St & Avenue C,147
148,396.0,40.680342423,-73.9557689392,Lefferts Pl & Franklin Ave,148
149,397.0,40.68415748,-73.96922273,Fulton St & Clermont Ave,149
150,398.0,40.69165183,-73.9999786,Atlantic Ave & Furman St,150
151,399.0,40.68851534,-73.9647628,Lafayette Ave & St James Pl,151
152,400.0,40.71926081,-73.98178024,Pitt St & Stanton St,152
153,401.0,40.72019576,-73.98997825,Allen St & Rivington St,153
154,402.0,40.7403432,-73.98955109,Broadway & E 22 St,154
155,403.0,40.72502876,-73.99069656,E 2 St & 2 Ave,155
156,405.0,40.739323,-74.008119,Washington St & Gansevoort St,156
157,406.0,40.69512845,-73.99595065,Hicks St & Montague St,157
158,407.0,40.700469,-73.991454,Henry St & Poplar St,158
159,408.0,40.71076228,-73.99400398,Market St & Cherry St,159
160,409.0,40.6906495,-73.95643107,DeKalb Ave & Skillman St,160
161,410.0,40.72066442,-73.98517977,Suffolk St & Stanton St,161
162,411.0,40.72228087,-73.97668709,E 6 St & Avenue D,162
163,412.0,40.7158155,-73.99422366,Forsyth St & Canal St,163
164,414.0,40.70281858,-73.98765762,Pearl St & Anchorage Pl,164
165,415.0,40.7047177,-74.00926027,Pearl St & Hanover Square,165
166,416.0,40.68753406,-73.97265183,Cumberland St & Lafayette Ave,166
167,417.0,40.71291224,-74.01020234,Barclay St & Church St,167
168,418.0,40.70224,-73.982578,Front St & Gold St,168
169,419.0,40.69580705,-73.97355569,Carlton Ave & Park Ave,169
170,420.0,40.68764484,-73.96968902,Clermont Ave & Lafayette Ave,170
171,421.0,40.69573398,-73.97129668,Clermont Ave & Park Ave,171
172,422.0,40.770513,-73.988038,W 59 St & 10 Ave,172
173,423.0,40.76584941,-73.98690506,W 54 St & 9 Ave,173
174,426.0,40.71754834,-74.01322069,West St & Chambers St,174
175,427.0,40.701907,-74.013942,Bus Slip & State St,175
176,432.0,40.72621788,-73.98379855,E 7 St & Avenue A,176
177,435.0,40.74173969,-73.99415556,W 21 St & 6 Ave,177
178,436.0,40.68216564,-73.95399026,Hancock St & Bedford Ave,178
179,437.0,40.6809833854,-73.9500479759,Macon St & Nostrand Ave,179
180,438.0,40.72779126,-73.98564945,St Marks Pl & 1 Ave,180
181,439.0,40.7262807,-73.98978041,E 4 St & 2 Ave,181
182,440.0,40.75255434,-73.97282625,E 45 St & 3 Ave,182
183,441.0,40.756014,-73.967416,E 52 St & 2 Ave,183
184,442.0,40.746647,-73.993915,W 27 St & 7 Ave,184
185,443.0,40.70853074,-73.96408963,Bedford Ave & S 9 St,185
186,445.0,40.72740794,-73.98142006,E 10 St & Avenue A,186
187,446.0,40.74487634,-73.99529885,W 24 St & 7 Ave,187
188,447.0,40.76370739,-73.9851615,8 Ave & W 52 St,188
189,448.0,40.75660359,-73.9979009,W 37 St & 10 Ave,189
190,450.0,40.76227205,-73.98788205,W 49 St & 8 Ave,190
191,453.0,40.74475148,-73.99915362,W 22 St & 8 Ave,191
192,454.0,40.75455731,-73.96592976,E 51 St & 1 Ave,192
193,455.0,40.75001986,-73.96905301,1 Ave & E 44 St,193
194,456.0,40.7597108,-73.97402311,E 53 St & Madison Ave,194
195,458.0,40.751396,-74.005226,11 Ave & W 27 St,195
196,459.0,40.746745,-74.007756,W 20 St & 11 Ave,196
197,460.0,40.71285887,-73.96590294,S 4 St & Wythe Ave,197
198,461.0,40.73587678,-73.98205027,E 20 St & 2 Ave,198
199,462.0,40.74691959,-74.00451887,W 22 St & 10 Ave,199
200,465.0,40.75513557,-73.98658032,Broadway & W 41 St,200
201,466.0,40.74395411,-73.99144871,W 25 St & 6 Ave,201
202,467.0,40.68312489,-73.97895137,Dean St & 4 Ave,202
203,468.0,40.7652654,-73.98192338,Broadway & W 56 St,203
204,469.0,40.76344058,-73.98268129,Broadway & W 53 St,204
205,470.0,40.74345335,-74.00004031,W 20 St & 8 Ave,205
206,471.0,40.71286844,-73.95698119,Grand St & Havemeyer St,206
207,472.0,40.7457121,-73.98194829,E 32 St & Park Ave,207
208,473.0,40.72110063,-73.9919254,Rivington St & Chrystie St,208
209,474.0,40.7451677,-73.98683077,5 Ave & E 29 St,209
210,476.0,40.74394314,-73.97966069,E 31 St & 3 Ave,210
211,477.0,40.75640548,-73.9900262,W 41 St & 8 Ave,211
212,478.0,40.76030096,-73.99884222,11 Ave & W 41 St,212
213,479.0,40.76019252,-73.9912551,9 Ave & W 45 St,213
214,480.0,40.76669671,-73.99061728,W 53 St & 10 Ave,214
215,481.0,40.71260486,-73.96264403,S 3 St & Bedford Ave,215
216,482.0,40.73935542,-73.99931783,W 15 St & 7 Ave,216
217,483.0,40.73223272,-73.98889957,E 12 St & 3 Ave,217
218,484.0,40.75500254,-73.98014437,W 44 St & 5 Ave,218
219,485.0,40.75038009,-73.98338988,W 37 St & 5 Ave,219
220,486.0,40.7462009,-73.98855723,Broadway & W 29 St,220
221,487.0,40.73314259,-73.97573881,E 20 St & FDR Drive,221
222,490.0,40.751551,-73.993934,8 Ave & W 33 St,222
223,491.0,40.74096374,-73.98602213,E 24 St & Park Ave S,223
224,492.0,40.75019995,-73.99093085,W 33 St & 7 Ave,224
225,494.0,40.74734825,-73.99723551,W 26 St & 8 Ave,225
226,495.0,40.76269882,-73.99301222,W 47 St & 10 Ave,226
227,496.0,40.73726186,-73.99238967,E 16 St & 5 Ave,227
228,497.0,40.73704984,-73.99009296,E 17 St & Broadway,228
229,498.0,40.74854862,-73.98808416,Broadway & W 32 St,229
230,499.0,40.76915505,-73.98191841,Broadway & W 60 St,230
231,500.0,40.76228826,-73.98336183,Broadway & W 51 St,231
232,501.0,40.744219,-73.97121214,FDR Drive & E 35 St,232
233,502.0,40.714215,-73.981346,Henry St & Grand St,233
234,503.0,40.73827428,-73.98751968,E 20 St & Park Ave,234
235,504.0,40.73221853,-73.98165557,1 Ave & E 16 St,235
236,505.0,40.74901271,-73.98848395,6 Ave & W 33 St,236
237,507.0,40.73912601,-73.97973776,E 25 St & 2 Ave,237
238,508.0,40.76341379,-73.99667444,W 46 St & 11 Ave,238
239,509.0,40.7454973,-74.00197139,9 Ave & W 22 St,239
240,513.0,40.768254,-73.988639,W 56 St & 10 Ave,240
241,514.0,40.76087502,-74.00277668,12 Ave & W 40 St,241
242,515.0,40.76009437,-73.99461843,W 43 St & 10 Ave,242
243,516.0,40.75206862,-73.96784384,E 47 St & 1 Ave,243
244,517.0,40.751581,-73.97791,Pershing Square South,244
245,518.0,40.74780373,-73.9734419,E 39 St & 2 Ave,245
246,519.0,40.751873,-73.977706,Pershing Square North,246
247,520.0,40.75992262,-73.97648516,W 52 St & 5 Ave,247
248,522.0,40.75714758,-73.97207836,E 51 St & Lexington Ave,248
249,523.0,40.75466591,-73.99138152,W 38 St & 8 Ave,249
250,524.0,40.75527307,-73.98316936,W 43 St & 6 Ave,250
251,525.0,40.75594159,-74.0021163,W 34 St & 11 Ave,251
252,526.0,40.74765947,-73.98490707,E 33 St & 5 Ave,252
253,528.0,40.74290902,-73.97706058,2 Ave & E 31 St,253
254,529.0,40.7575699,-73.99098507,W 42 St & 8 Ave,254
255,530.0,40.77149671054441,-73.99046033620834,11 Ave & W 59 St,255
256,531.0,40.71893904,-73.99266288,Forsyth St & Broome St,256
257,532.0,40.710451,-73.960876,S 5 Pl & S 5 St,257
258,533.0,40.75299641,-73.98721619,Broadway & W 38 St,258
259,534.0,40.70255065,-74.0127234,Water - Whitehall Plaza,259
260,536.0,40.74144387,-73.97536082,1 Ave & E 30 St,260
261,539.0,40.71534825,-73.96024116,Metropolitan Ave & Bedford Ave,261
262,540.0,40.74311555376486,-73.98215353488922,Lexington Ave & E 29 St,262
263,545.0,40.736502,-73.97809472,E 23 St & 1 Ave,263
264,546.0,40.74444921,-73.98303529,E 30 St & Park Ave S,264
265,2000.0,40.70255088,-73.98940236,Front St & Washington St,265
266,2002.0,40.716887,-73.963198,Wythe Ave & Metropolitan Ave,266
267,2003.0,40.73381219196632,-73.98054420948029,1 Ave & E 18 St,267
268,2005.0,40.70531194,-73.97100056,Railroad Ave & Kay Ave,268
269,2006.0,40.76590936,-73.97634151,Central Park S & 6 Ave,269
270,2008.0,40.70569254,-74.01677685,Little West St & 1 Pl,270
271,2009.0,40.71117444,-73.99682619,Catherine St & Monroe St,271
272,2010.0,40.72165481,-74.00234737,Grand St & Greene St,272
273,2012.0,40.739445,-73.976806,E 27 St & 1 Ave,273
274,2017.0,40.75022392,-73.97121414,E 43 St & 2 Ave,274
275,2021.0,40.75929124,-73.98859651,W 45 St & 8 Ave,275
276,2022.0,40.759107,-73.959223,E 60 St & York Ave,276
277,2023.0,40.75968085,-73.97031366,E 55 St & Lexington Ave,277
278,3002.0,40.711512,-74.015756,South End Ave & Liberty St,278
279,3016.0,40.72036775298455,-73.96165072917938,Kent Ave & N 7 St,279
280,3040.0,40.66979964220026,-73.99497985839844,Handlebar @ Gowanus,280
281,3041.0,40.67890679,-73.94142771,Kingston Ave & Herkimer St,281
282,3042.0,40.6794268,-73.9298911,Fulton St & Utica Ave,282
283,3043.0,40.6814598,-73.934903,Lewis Ave & Decatur St,283
284,3044.0,40.6800105,-73.938475,Albany Ave & Fulton St,284
285,3046.0,40.682601,-73.938037,Marcus Garvey Blvd & Macon St,285
286,3047.0,40.6823687,-73.944118,Halsey St & Tompkins Ave,286
287,3048.0,40.68402,-73.94977,Putnam Ave & Nostrand Ave,287
288,3049.0,40.68488,-73.96304,Cambridge Pl & Gates Ave,288
289,3050.0,40.6851532,-73.94111,Putnam Ave & Throop Ave,289
290,3052.0,40.686312,-73.935775,Lewis Ave & Madison St,290
291,3053.0,40.6900815,-73.947915,Marcy Ave & Lafayette Ave,291
292,3054.0,40.6894932,-73.942061,Greene Ave & Throop Ave,292
293,3055.0,40.6883337,-73.950916,Greene Ave & Nostrand Ave,293
294,3056.0,40.69072549,-73.95133465,Kosciuszko St & Nostrand Ave,294
295,3057.0,40.69128258,-73.9452416,Kosciuszko St & Tompkins Ave,295
296,3058.0,40.69237074,-73.93705428,Lewis Ave & Kosciuszko St,296
297,3059.0,40.6933982,-73.939877,Pulaski St & Marcus Garvey Blvd,297
298,3060.0,40.69425403,-73.94626915,Willoughby Ave & Tompkins Ave,298
299,3061.0,40.69622937,-73.94371094,Throop Ave & Myrtle Ave,299
300,3062.0,40.69539817,-73.94954908,Myrtle Ave & Marcy Ave,300
301,3063.0,40.69527008,-73.95238108,Nostrand Ave & Myrtle Ave,301
302,3064.0,40.69681963,-73.93756926,Myrtle Ave & Lewis Ave,302
303,3065.0,40.70029511,-73.95032283,Union Ave & Wallabout St,303
304,3066.0,40.69957608,-73.94708417,Tompkins Ave & Hopkins St,304
305,3067.0,40.7016657,-73.9437303,Broadway & Whipple St,305
306,3068.0,40.7031724,-73.940636,Humboldt St & Varet St,306
307,3069.0,40.70411791,-73.94818595,Lorimer St & Broadway,307
308,3070.0,40.70510918,-73.94407279,McKibbin St & Manhattan Ave,308
309,3071.0,40.70538077,-73.94976519,Boerum St & Broadway,309
310,3072.0,40.70583339,-73.94644578,Leonard St & Boerum St,310
311,3074.0,40.70767788,-73.94016171,Montrose Ave & Bushwick Ave,311
312,3075.0,40.70708701,-73.95796783,Division Ave & Marcy Ave,312
313,3076.0,40.70870368,-73.9448625,Scholes St & Manhattan Ave,313
314,3077.0,40.70877084,-73.95095259,Stagg St & Union Ave,314
315,3078.0,40.70924826276157,-73.96063148975372,Broadway & Roebling St,315
316,3080.0,40.70934,-73.95608,S 4 St & Rodney St,316
317,3081.0,40.711863,-73.944024,Graham Ave & Grand St,317
318,3082.0,40.71167351,-73.95141312,Hope St & Union Ave,318
319,3083.0,40.71247661,-73.94100005,Bushwick Ave & Powers St,319
320,3085.0,40.71469,-73.95739,Roebling St & N 4 St,320
321,3086.0,40.715143,-73.944507,Graham Ave & Conselyea St,321
322,3087.0,40.71413311,-73.95234386,Metropolitan Ave & Meeker Ave,322
323,3088.0,40.7160751,-73.952029,Union Ave & Jackson St,323
324,3092.0,40.7190095,-73.95852515,Berry St & N 8 St,324
325,3093.0,40.71745169,-73.95850939,N 6 St & Bedford Ave,325
326,3094.0,40.7169811,-73.94485918,Graham Ave & Withers St,326
327,3095.0,40.71929301,-73.94500379,Graham Ave & Herbert St,327
328,3096.0,40.71924,-73.95242,Union Ave & N 12 St,328
329,3100.0,40.724812564400175,-73.94752621650696,Nassau Ave & Newell St,329
330,3101.0,40.72079821,-73.95484712,N 12 St & Bedford Ave,330
331,3102.0,40.72179134,-73.9504154,Driggs Ave & Lorimer St,331
332,3105.0,40.724055,-73.955736,N 15 St & Wythe Ave,332
333,3106.0,40.72325,-73.94308,Driggs Ave & N Henry St,333
334,3107.0,40.72311651,-73.95212324,Bedford Ave & Nassau Ave,334
335,3108.0,40.72557,-73.94434,Nassau Ave & Russell St,335
336,3109.0,40.72606,-73.95621,Banker St & Meserole Ave,336
337,3110.0,40.72708584,-73.95299117,Meserole Ave & Manhattan Ave,337
338,3112.0,40.72906,-73.95779,Milton St & Franklin St,338
339,3113.0,40.73026,-73.95394,Greenpoint Ave & Manhattan Ave,339
340,3115.0,40.73232194,-73.9550858,India St & Manhattan Ave,340
341,3116.0,40.73266,-73.95826,Huron St & Franklin St,341
342,3117.0,40.73564,-73.95866,Franklin St & Dupont St,342
343,3118.0,40.73555,-73.95284,McGuinness Blvd & Eagle St,343
344,3119.0,40.74232744,-73.95411749,Vernon Blvd & 50 Ave,344
345,3121.0,40.74524768,-73.94733276,Jackson Ave & 46 Rd,345
346,3122.0,40.74436328706688,-73.9558732509613,48 Ave & 5 St,346
347,3123.0,40.74469738,-73.93540375,31 St & Thomson Ave,347
348,3124.0,40.74731,-73.95451,46 Ave & 5 St,348
349,3125.0,40.74708586,-73.94977234,45 Rd & 11 St,349
350,3126.0,40.74718234,-73.9432635,44 Dr & Jackson Ave,350
351,3127.0,40.74966,-73.9521,9 St & 44 Rd,351
352,3128.0,40.75052534,-73.94594845,21 St & 43 Ave,352
353,3129.0,40.75110165,-73.94073717,Queens Plaza North & Crescent St,353
354,3130.0,40.75325964,-73.94335788,21 St & Queens Plaza North,354
355,3131.0,40.76712840349542,-73.96224617958069,E 68 St & 3 Ave,355
356,3132.0,40.76350532,-73.97109243,E 59 St & Madison Ave,356
357,3134.0,40.76312584,-73.96526895,3 Ave & E 62 St,357
358,3135.0,40.77112927,-73.95772297,E 75 St & 3 Ave,358
359,3136.0,40.766368,-73.971518,5 Ave & E 63 St,359
360,3137.0,40.77282817,-73.96685276,5 Ave & E 73 St,360
361,3139.0,40.77118287540658,-73.96409422159195,E 72 St & Park Ave,361
362,3140.0,40.77140426,-73.9535166,1 Ave & E 78 St,362
363,3141.0,40.76500525,-73.95818491,1 Ave & E 68 St,363
364,3142.0,40.7612274,-73.96094022,1 Ave & E 62 St,364
365,3143.0,40.77632142182271,-73.96427392959595,5 Ave & E 78 St,365
366,3144.0,40.77677702,-73.9590097,E 81 St & Park Ave,366
367,3145.0,40.77862688,-73.95772073,E 84 St & Park Ave,367
368,3146.0,40.77573034,-73.9567526,E 81 St & 3 Ave,368
369,3148.0,40.77565541,-73.95068615,E 84 St & 1 Ave,369
370,3150.0,40.77536905,-73.94803392,E 85 St & York Ave,370
371,3151.0,40.7728384,-73.94989233,E 81 St & York Ave,371
372,3152.0,40.76873687,-73.96119945,3 Ave & E 71 St,372
373,3154.0,40.77314236,-73.95856158,E 77 St & 3 Ave,373
374,3155.0,40.76440023,-73.96648977,Lexington Ave & E 63 St,374
375,3156.0,40.76663814,-73.95348296,E 72 St & York Ave,375
376,3157.0,40.77518615,-73.94446054,East End Ave & E 86 St,376
377,3158.0,40.77163851,-73.98261428,W 63 St & Broadway,377
378,3159.0,40.77492513,-73.98266566,W 67 St & Broadway,378
379,3160.0,40.77896784,-73.97374737,Central Park West & W 76 St,379
380,3161.0,40.7801839724239,-73.97728532552719,W 76 St & Columbus Ave,380
381,3162.0,40.78339981,-73.98093133,W 78 St & Broadway,381
382,3163.0,40.7734066,-73.97782542,Central Park West & W 68 St,382
383,3164.0,40.7770575,-73.97898475,Columbus Ave & W 72 St,383
384,3165.0,40.77579376683666,-73.9762057363987,Central Park West & W 72 St,384
385,3166.0,40.78057799010334,-73.98562431335449,Riverside Dr & W 72 St,385
386,3167.0,40.77966809007312,-73.98093044757842,Amsterdam Ave & W 73 St,386
387,3168.0,40.78472675,-73.96961715,Central Park West & W 85 St,387
388,3169.0,40.78720869,-73.98128127,Riverside Dr & W 82 St,388
389,3170.0,40.78499979,-73.97283406,W 84 St & Columbus Ave,389
390,3171.0,40.78524672,-73.97667321,Amsterdam Ave & W 82 St,390
391,3172.0,40.7785669,-73.97754961,W 74 St & Columbus Ave,391
392,3173.0,40.777507027547976,-73.98888587951659,Riverside Blvd & W 67 St,392
393,3175.0,40.77748046,-73.98288594,W 70 St & Amsterdam Ave,393
394,3177.0,40.7867947,-73.977112,W 84 St & Broadway,394
395,3178.0,40.78414472,-73.98362492,Riverside Dr & W 78 St,395
396,3179.0,40.698617,-73.941342,Park Ave & Marcus Garvey Blvd,396
397,3184.0,40.7141454,-74.0335519,Paulus Hook,397
398,3196.0,40.7443187,-74.0439909,Riverview Park,398
399,3221.0,40.743,-73.93561,47 Ave & 31 St,399
400,3223.0,40.75899655960512,-73.96865397691727,E 55 St & 3 Ave,400
401,3226.0,40.78275,-73.97137,W 82 St & Central Park West,401
402,3231.0,40.76780080148132,-73.96592080593109,E 67 St & Park Ave,402
403,3232.0,40.68962188790333,-73.98304268717766,Bond St & Fulton St,403
404,3233.0,40.75724567911726,-73.97805914282799,E 48 St & 5 Ave,404
405,3235.0,40.752165280621966,-73.97992193698882,E 41 St & Madison Ave,405
406,3236.0,40.75898481399634,-73.99379968643188,W 42 St & Dyer Ave,406
407,3241.0,40.686203,-73.944694,Monroe St & Tompkins Ave,407
408,3242.0,40.69102925677968,-73.99183362722397,Schermerhorn St & Court St,408
409,3243.0,40.75892386377695,-73.96226227283478,E 58 St & 1 Ave (NE Corner),409
410,3244.0,40.73143724085228,-73.99490341544151,University Pl & E 8 St,410
411,3245.0,40.71644423134479,-73.9823305606842,NYCBS DEPOT - DELANCEY,411
412,3249.0,40.6803560840434,-73.9476791024208,Verona Pl & Fulton St,412
413,3250.0,40.71690978045965,-73.98383796215057,58th St Depot,413
414,3255.0,40.7505853470215,-73.9946848154068,8 Ave & W 31 St,414
415,3256.0,40.7277140777778,-74.01129573583603,Pier 40 - Hudson River Park,415
416,3258.0,40.75018156325683,-74.00218427181244,W 27 St & 10 Ave,416
417,3259.0,40.74937024193277,-73.99923384189606,9 Ave & W 28 St,417
418,3260.0,40.72706363348306,-73.99662137031554,Mercer St & Bleecker St,418
419,3263.0,40.72951496224949,-73.99075269699097,Cooper Square & Astor Pl,419
420,3276.0,40.71458403535893,-74.04281705617905,Marin Light Rail,420
421,3282.0,40.78307,-73.95939,5 Ave & E 88 St,421
422,3283.0,40.7882213,-73.97041561,W 89 St & Columbus Ave,422
423,3284.0,40.781410700190015,-73.95595908164978,E 88 St & Park Ave,423
424,3285.0,40.78839,-73.9747,W 87 St & Amsterdam Ave,424
425,3286.0,40.7806284,-73.9521667,E 89 St & 3 Ave,425
426,3288.0,40.778301,-73.9488134,E 88 St & 1 Ave,426
427,3289.0,40.79017948095081,-73.97288918495178,W 90 St & Amsterdam Ave,427
428,3290.0,40.7779453,-73.946041,E 89 St & York Ave,428
429,3292.0,40.7857851,-73.957481,5 Ave & E 93 St,429
430,3293.0,40.7921,-73.9739,W 92 St & Broadway,430
431,3294.0,40.7835016,-73.955327,E 91 St & Park Ave,431
432,3295.0,40.79127,-73.964839,Central Park W & W 96 St,432
433,3296.0,40.782454175279874,-73.9489196240902,E 93 St & 2 Ave,433
434,3297.0,40.6686627,-73.97988067,6 St & 7 Ave,434
435,3298.0,40.686371,-73.99383324,Warren St & Court St,435
436,3299.0,40.78813,-73.95206,E 98 St & Park Ave,436
437,3300.0,40.66514681533792,-73.97637605667114,Prospect Park West & 8 St,437
438,3301.0,40.7919557,-73.968087,Columbus Ave & W 95 St,438
439,3302.0,40.7969347,-73.9643412291,Columbus Ave & W 103 St,439
440,3303.0,40.6849894,-73.99440329,Butler St & Court St,440
441,3304.0,40.668127,-73.98377641,6 Ave & 9 St,441
442,3305.0,40.78112229934166,-73.94965589046478,E 91 St & 2 Ave,442
443,3306.0,40.6662078,-73.98199886,10 St & 7 Ave,443
444,3307.0,40.7941654,-73.974124,West End Ave & W 94 St,444
445,3308.0,40.6861758,-73.99645295,Kane St & Clinton St,445
446,3309.0,40.7859201,-73.94860294,E 97 St & 3 Ave,446
447,3310.0,40.663779,-73.98396846,14 St & 7 Ave,447
448,3311.0,40.68763155,-74.0016256,Columbia St & Kane St,448
449,3312.0,40.7817212,-73.94594,1 Ave & E 94 St,449
450,3313.0,40.6663181,-73.9854617,6 Ave & 12 St,450
451,3314.0,40.7937704,-73.971888,W 95 St & Broadway,451
452,3315.0,40.6847514,-73.99917254,Henry St & Degraw St,452
453,3317.0,40.6686273,-73.98700053,10 St & 5 Ave,453
454,3318.0,40.7839636,-73.9471673,2 Ave & E 96 St,454
455,3319.0,40.666287,-73.98895053,14 St & 5 Ave,455
456,3320.0,40.79406660818552,-73.96286845207214,Central Park West & W 100 St,456
457,3321.0,40.6831164,-73.99785267,Clinton St & Union St,457
458,3322.0,40.668603,-73.9904394,12 St & 4 Ave,458
459,3323.0,40.7981856,-73.9605909006,W 106 St & Central Park West,459
460,3324.0,40.6685455,-73.99333264,3 Ave & 14 St,460
461,3326.0,40.67434,-74.00194698,Clinton St & Centre St,461
462,3327.0,40.7877214,-73.94728331,3 Ave & E 100 St,462
463,3328.0,40.795,-73.9645,W 100 St & Manhattan Ave,463
464,3329.0,40.6829151,-73.99318208,Degraw St & Smith St,464
465,3330.0,40.6725058,-74.00494695,Henry St & Bay St,465
466,3331.0,40.8013434,-73.9711457439,Riverside Dr & W 104 St,466
467,3332.0,40.68199044270703,-73.99079024791718,Degraw St & Hoyt St,467
468,3333.0,40.6747055,-74.0075572,Columbia St & Lorraine St,468
469,3335.0,40.6772744,-73.98282002,Union St & 4 Ave,469
470,3336.0,40.787801,-73.953559,E 97 St & Madison Ave,470
471,3337.0,40.67363551341504,-74.01195555925369,Dwight St & Van Dyke St,471
472,3338.0,40.7862586,-73.94552579,2 Ave & E 99 St,472
473,3339.0,40.6765304,-73.97846879,Berkeley Pl & 6 Ave,473
474,3340.0,40.6753274,-74.0100698,Wolcott St & Dwight St,474
475,3341.0,40.795346,-73.96186,Central Park West & W 102 St,475
476,3342.0,40.6777748,-74.0094613,Pioneer St & Richards St,476
477,3343.0,40.7997568,-73.9621128676,W 107 St & Columbus Ave,477
478,3344.0,40.679043,-74.011169,Pioneer St & Van Brunt St,478
479,3345.0,40.78948541553215,-73.95242929458618,Madison Ave & E 99 St,479
480,3346.0,40.675146838709786,-73.97523209452629,Berkeley Pl & 7 Ave,480
481,3347.0,40.6773429,-74.01275056,Van Brunt St & Wolcott St,481
482,3348.0,40.677236,-74.015665,Coffey St & Conover St,482
483,3349.0,40.6729679,-73.97087984,Grand Army Plaza & Plaza St West,483
484,3350.0,40.7973721,-73.97041192,W 100 St & Broadway,484
485,3351.0,40.7869946,-73.94164802,E 102 St & 1 Ave,485
486,3352.0,40.67267243410948,-74.0087952464819,Sigourney St & Columbia St,486
487,3354.0,40.668132,-73.97363831,3 St & Prospect Park West,487
488,3355.0,40.76800889305947,-73.96845281124115,E 66 St & Madison Ave,488
489,3356.0,40.7746671,-73.98470567,Amsterdam Ave & W 66 St,489
490,3357.0,40.8008363,-73.9664492472,W 106 St & Amsterdam Ave,490
491,3358.0,40.6711978,-73.97484126,Garfield Pl & 8 Ave,491
492,3359.0,40.7691572,-73.96703464,E 68 St & Madison Ave,492
493,3360.0,40.7829391,-73.9786517,Amsterdam Ave & W 79 St,493
494,3361.0,40.6740886,-73.9787282,Carroll St & 6 Ave,494
495,3362.0,40.7781314,-73.96069399,Madison Ave & E 82 St,495
496,3363.0,40.7904828,-73.95033068,E 102 St & Park Ave,496
497,3364.0,40.6751622,-73.9814832,Carroll St & 5 Ave,497
498,3365.0,40.6703837,-73.97839676,3 St & 7 Ave,498
499,3366.0,40.8021174,-73.9681805305,West End Ave & W 107 St,499
500,3367.0,40.7922553,-73.95249933,5 Ave & E 103 St,500
501,3368.0,40.6728155,-73.98352355,5 Ave & 3 St,501
502,3369.0,40.7724607,-73.9468208,E 82 St & East End Ave,502
503,3370.0,40.7727966,-73.95577801,E 78 St & 2 Ave,503
504,3371.0,40.674613422475815,-73.98501142859459,4 Ave & 2 St,504
505,3372.0,40.7689738,-73.95482273,E 74 St & 1 Ave,505
506,3373.0,40.6750705,-73.98775226,3 St & 3 Ave,506
507,3374.0,40.799484,-73.955613,Central Park North & Adam Clayton Powell Blvd,507
508,3375.0,40.7699426,-73.96060712,3 Ave & E 72 St,508
509,3376.0,40.76471851944339,-73.96222069859505,E 65 St & 2 Ave,509
510,3377.0,40.6786115,-73.99037292,Carroll St & Bond St,510
511,3378.0,40.773763,-73.96222088,E 76 St & Park Ave,511
512,3379.0,40.7903051,-73.94755757,E 103 St & Lexington Ave,512
513,3381.0,40.6777287,-73.99364123,3 St & Hoyt St,513
514,3382.0,40.680611,-73.99475825,Carroll St & Smith St,514
515,3383.0,40.804213,-73.96699104,Cathedral Pkwy & Broadway,515
516,3384.0,40.6787242,-73.99599099,Smith St & 3 St,516
517,3386.0,40.6809591,-73.99905709,1 Pl & Clinton St,517
518,3387.0,40.7934337,-73.94945003,E 106 St & Madison Ave,518
519,3388.0,40.6828003,-73.99990419,President St & Henry St,519
520,3389.0,40.6830456,-74.00348559,Carroll St & Columbia St,520
521,3390.0,40.79329668,-73.9432083,E 109 St & 3 Ave,521
522,3391.0,40.7892529,-73.93956237,E 106 St & 1 Ave,522
523,3392.0,40.6812117,-74.00860912,Commerce St & Van Brunt St,523
524,3393.0,40.6794327,-74.00785041,Richards St & Delavan St,524
525,3394.0,40.6769993,-74.00647134,Columbia St & W 9 St,525
526,3395.0,40.6763744,-74.00324957,Henry St & W 9 St,526
527,3396.0,40.6783563,-74.00014502,Clinton St & 4 Place,527
528,3397.0,40.6763947,-73.99869893,Court St & Nelson St,528
529,3398.0,40.6746957,-73.99785768,Smith St & 9 St,529
530,3399.0,40.67260298150126,-73.98983001708984,7 St & 3 Ave,530
531,3400.0,40.7961535,-73.94782145,E 110 St & Madison Ave,531
532,3401.0,40.6724811,-73.99331394,2 Ave & 9 St,532
533,3402.0,40.6902375,-73.99203074,Court St & State St,533
534,3403.0,40.6705135,-73.98876585,4 Ave & 9 St,534
535,3404.0,40.6704922,-73.98541675,7 St & 5 Ave,535
536,3405.0,40.6704836,-73.98208968,5 St & 6 Ave,536
537,3407.0,40.67909799721684,-73.98765474557877,Union St & Nevins St,537
538,3408.0,40.6881529,-73.99520919,Congress St & Clinton St,538
539,3409.0,40.6867443,-73.99063168,Bergen St & Smith St,539
540,3410.0,40.6864442,-73.98759104,Dean St & Hoyt St,540
541,3411.0,40.6849668,-73.98620772,Bond St & Bergen St,541
542,3412.0,40.6853761,-73.98302136,Pacific St & Nevins St,542
543,3413.0,40.6827549,-73.98258555,Wyckoff St & 3 Ave,543
544,3414.0,40.680944723477296,-73.97567331790923,Bergen St & Flatbush Ave,544
545,3415.0,40.6793307,-73.97519523,Prospect Pl & 6 Ave,545
546,3416.0,40.6776147,-73.97324283,7 Ave & Park Pl,546
547,3417.0,40.6795766,-73.97854971,Baltic St & 5 Ave,547
548,3418.0,40.6750207,-73.97111473,Plaza St West & Flatbush Ave,548
549,3419.0,40.6792788,-73.98154004,Douglass St & 4 Ave,549
550,3420.0,40.6802133,-73.98432695,Douglass St & 3 Ave,550
551,3422.0,40.6859296,-74.00242364,Columbia St & Degraw St,551
552,3423.0,40.6610633719006,-73.97945255041122,West Drive & Prospect Park West,552
553,3424.0,40.791976,-73.945993,E 106 St & Lexington Ave,553
554,3425.0,40.7892105,-73.94370784,2 Ave & E 104 St,554
555,3427.0,40.72430527250332,-73.99600982666016,Lafayette St & Jersey St,555
556,3429.0,40.68506807308177,-73.97790759801863,Hanson Pl & Ashland Pl,556
557,3430.0,40.71907891179564,-73.94223690032959,Richardson St & N Henry St,557
558,3432.0,40.66906013501107,-73.99463653564453,NYCBS Depot - GOW,558
559,3434.0,40.79025417330419,-73.97718340158461,W 88 St & West End Ave,559
560,3435.0,40.718822,-73.99596,Grand St & Elizabeth St,560
561,3437.0,40.79313480986663,-73.97700369358063,Riverside Dr & W 91 St,561
562,3440.0,40.69241829257847,-73.98949474096298,Fulton St & Adams St,562
563,3441.0,40.752957,-74.00264,10 Hudson Yards,563
564,3443.0,40.76132983124814,-73.97982001304626,W 52 St & 6 Ave,564
565,3449.0,40.72146256229816,-73.94800901412964,Eckford St & Engert Ave,565
566,3452.0,40.71915571696044,-73.94885390996933,Bayard St & Leonard St,566
567,3453.0,40.71335226222875,-73.9491033554077,Devoe St & Lorimer St,567
568,3454.0,40.7103685423523,-73.94705951213837,Leonard St & Maujer St,568
569,3456.0,40.71638031973561,-73.94821286201477,Jackson St & Leonard St,569
570,3457.0,40.76302594280519,-73.97209525108337,E 58 St & Madison Ave,570
571,3458.0,40.76309387270797,-73.9783501625061,W 55 St & 6 Ave,571
572,3459.0,40.75763227739443,-73.96930575370789,E 53 St & 3 Ave,572
573,3461.0,40.71485150526252,-74.01122331619263,Murray St & Greenwich St,573
574,3463.0,40.735367055605394,-73.98797392845154,E 16 St & Irving Pl,574
575,3466.0,40.75668720603179,-73.98257732391357,W 45 St & 6 Ave,575
576,3467.0,40.72494672359416,-74.00165855884552,W Broadway & Spring Street,576
577,3469.0,40.73181401720966,-73.95995020866394,India St & West St,577
578,3472.0,40.74275382865903,-74.00747358798981,W 15 St & 10 Ave,578
579,3474.0,40.7252556952547,-74.00412082672119,6 Ave & Spring St,579
580,3477.0,40.65539977447831,-74.01062786579132,39 St & 2 Ave - Citi Bike HQ at Industry City,580
581,3478.0,40.65708866668485,-74.00870203971863,2 Ave & 36 St - Citi Bike HQ at Industry City,581
582,3486.0,40.688417427540834,-73.98451656103134,Schermerhorn St & Bond St,582
583,3490.0,40.796879,-73.937261,E 116 St & 2 Ave,583
584,3491.0,40.79747,-73.93504,E 118 St & 1 Ave,584
585,3492.0,40.8005385,-73.9419949,E 118 St & Park Ave,585
586,3493.0,40.799139,-73.9389152,E 118 St & 3 Ave,586
587,3494.0,40.797911,-73.9423,E 115 St & Lexington Ave,587
588,3495.0,40.7945663,-73.9362541,E 114 St & 1 Ave,588
589,3496.0,40.7923272,-73.9383,1 Ave & E 110 St,589
590,3497.0,40.7949879,-73.9333349,Pleasant Ave & E 116 St,590
591,3498.0,40.7974772,-73.9311847,Pleasant Ave & E 120 St,591
592,3499.0,40.8006721,-73.9349,2 Ave & E 122 St,592
593,3500.0,40.7989445,-73.944846,E 115 St & Madison Ave,593
594,3501.0,40.8014866,-73.9442507,E 118 St & Madison Ave,594
595,3502.0,40.7954121,-73.9441232,Lexington Ave & E 111 St,595
596,3503.0,40.80295,-73.942954,Madison Ave & E 120 St,596
597,3504.0,40.8029263,-73.9379,E 123 St & Lexington Ave,597
598,3505.0,40.805726,-73.936322,Lexington Ave & E 127 St,598
599,3506.0,40.8013066,-73.9398167,Lexington Ave & E 120 St,599
600,3507.0,40.8045555,-73.9396861,Park Ave & E 124 St,600
601,3508.0,40.809725,-73.953149,St Nicholas Ave & Manhattan Ave,601
602,3509.0,40.8011939,-73.9500739,Lenox Ave & W 115 St,602
603,3510.0,40.8078316,-73.949373,Adam Clayton Powell Blvd & W 123 St,603
604,3511.0,40.802535,-73.9532423,Adam Clayton Powell Blvd & W 115 St,604
605,3512.0,40.7747175,-73.9337894,27 Ave & 4 St,605
606,3513.0,40.774645,-73.923706,21 St & Hoyt Ave S,606
607,3514.0,40.7767,-73.927631,Astoria Park S & Shore Blvd,607
608,3515.0,40.774591,-73.918544,24 Ave & 26 St,608
609,3516.0,40.7699176,-73.9184057,31 St & Astoria Blvd,609
610,3517.0,40.7711528,-73.9170074,31 St & Hoyt Ave N,610
611,3518.0,40.808442,-73.9452087,Lenox Ave & W 126 St,611
612,3520.0,40.804372,-73.951475,Adam Clayton Powell Blvd & W 118 St,612
613,3521.0,40.7987859,-73.9523,Lenox Ave & W 111 St,613
614,3522.0,40.7701477,-73.9120938,37 St & 24 Ave,614
615,3523.0,40.7729,-73.916142,24 Ave & 29 St,615
616,3524.0,40.7774552,-73.9225403,19 St & 24 Ave,616
617,3525.0,40.776165,-73.9153175,23 Ave & 27 St,617
618,3526.0,40.7747878,-73.9125551,31 St & 23 Ave,618
619,3527.0,40.80698,-73.941747,5 Ave & E 126 St,619
620,3528.0,40.7713937,-73.9077436,Steinway St & 23 Ave,620
621,3529.0,40.8107922,-73.9430681,Lenox Ave & W 130 St,621
622,3530.0,40.7787185,-73.9145645,Crescent St & Ditmars Blvd,622
623,3531.0,40.8125511,-73.9492286,Frederick Douglass Blvd & W 129 St,623
624,3532.0,40.78145,-73.9183302,Ditmars Blvd & 19 St,624
625,3533.0,40.8114323,-73.9518776,St. Nicholas Ave & W 126 St,625
626,3534.0,40.805159,-73.954692,Frederick Douglass Blvd & W 117 St,626
627,3535.0,40.804038,-73.945925,Mt Morris Park W & W 120 St,627
628,3536.0,40.8082,-73.9641,W 116 St & Broadway,628
629,3537.0,40.6809741,-73.9710097,Carlton Ave & Dean St,629
630,3538.0,40.802692,-73.96295,W 110 St & Amsterdam Ave,630
631,3539.0,40.8067581,-73.9607082,W 116 St & Amsterdam Ave,631
632,3540.0,40.81,-73.9551508,Morningside Ave & W 123 St,632
633,3541.0,40.813358,-73.956461,Amsterdam Ave & W 125 St,633
634,3542.0,40.8086249,-73.9596214,Amsterdam Ave & W 119 St,634
635,3543.0,40.81028506306003,-73.95736455917358,Morningside Dr & Amsterdam Ave,635
636,3544.0,40.6804836,-73.9646795,Underhill Ave & Pacific St,636
637,3545.0,40.8120562,-73.9612547,Broadway & W 122 St,637
638,3546.0,40.6791944,-73.9587903,Pacific St & Classon Ave,638
639,3547.0,40.8143256,-73.9590255,Broadway & Moylan Pl,639
640,3549.0,40.678045,-73.962408,Grand Ave & Bergen St,640
641,3551.0,40.795508,-73.941606,3 Ave & E 112 St,641
642,3552.0,40.805973,-73.964928,W 113 St & Broadway,642
643,3553.0,40.801694,-73.957145,Frederick Douglass Blvd & W 112 St,643
644,3554.0,40.7552433,-73.9485678,Vernon Blvd & 41 Rd,644
645,3555.0,40.751047,-73.93797,28 St & 41 Ave,645
646,3556.0,40.7527085,-73.9397405,24 St & 41 Ave,646
647,3557.0,40.75742,-73.945133,40 Ave & 9 St,647
648,3558.0,40.6794388,-73.9680438,Bergen St & Vanderbilt Ave,648
649,3559.0,40.7576314,-73.9391224,21 St & 38 Ave,649
650,3560.0,40.754876,-73.934326,28 St & 38 Ave,650
651,3561.0,40.7531106,-73.9279917,37 Ave & 35 St,651
652,3562.0,40.6765198,-73.9596082,Classon Ave & St Marks Ave,652
653,3563.0,40.757186,-73.932719,28 St & 36 Ave,653
654,3564.0,40.7601853,-73.9362726,21 St & 36 Ave,654
655,3565.0,40.7614376,-73.9411265,36 Ave & 10 St,655
656,3566.0,40.7596276,-73.9321455,Crescent St & 35 Ave,656
657,3567.0,40.7627442,-73.9391141,11 St & 35 Ave,657
658,3568.0,40.7569332,-73.9262231,34 St & 35 Ave,658
659,3569.0,40.6758324,-73.9561677,Franklin Ave & St Marks Ave,659
660,3570.0,40.7557327,-73.9236611,35 Ave & 37 St,660
661,3571.0,40.676368,-73.952918,Bedford Ave & Bergen St,661
662,3572.0,40.756913,-73.921631,34 Ave & 38 St,662
663,3573.0,40.7580583,-73.9242751,35 St & 34 Ave,663
664,3574.0,40.6769694,-73.96579,Prospect Pl & Underhill Ave,664
665,3575.0,40.76108,-73.930562,Crescent St & 34 Ave,665
666,3576.0,40.6767,-73.969024,Park Pl & Vanderbilt Ave,666
667,3577.0,40.7628138,-73.9342862,34 Ave & 21 St,667
668,3578.0,40.6741806,-73.9564947,Park Pl & Franklin Ave,668
669,3579.0,40.672695,-73.954131,Sterling Pl & Bedford Ave,669
670,3580.0,40.6737236,-73.9631611,St Johns Pl & Washington Ave,670
671,3581.0,40.6740123,-73.9671457,Underhill Ave & Lincoln Pl,671
672,3582.0,40.6721683,-73.9609,Lincoln Pl & Classon Ave,672
673,3583.0,40.6716493,-73.9631145,Eastern Pkwy & Washington Ave,673
674,3584.0,40.6707767,-73.9576801,Eastern Pkwy & Franklin Ave,674
675,3585.0,40.6691783,-73.9554162,Union St & Bedford Ave,675
676,3586.0,40.7638753,-73.9364848,34 Ave & 13 St,676
677,3587.0,40.6686744,-73.9618148,Carroll St & Washington Ave,677
678,3588.0,40.7671863,-73.9373554,Vernon Blvd & 10 St,678
679,3589.0,40.7668,-73.9347774,Broadway & 12 St,679
680,3590.0,40.6679411,-73.9588,Carroll St & Franklin Ave,680
681,3591.0,40.7659,-73.930819,21 St & 31 Dr,681
682,3592.0,40.7633589,-73.9286471,Crescent St & Broadway,682
683,3593.0,40.761584,-73.925921,31 St & Broadway,683
684,3595.0,40.760339,-73.9222427,35 St & Broadway,684
685,3596.0,40.6642406,-73.9574686,Sullivan Pl & Bedford Ave,685
686,3597.0,40.7577284,-73.9166368,43 St & Broadway,686
687,3598.0,40.7595701,-73.9142678,Newton Rd & 44 St,687
688,3599.0,40.66314,-73.9605695,Franklin Ave & Empire Blvd,688
689,3601.0,40.6627059,-73.9569115,Sterling St & Bedford Ave,689
690,3602.0,40.763154,-73.920827,31 Ave & 34 St,690
691,3603.0,40.7647,-73.9240312,31 Ave & 30 St,691
692,3604.0,40.6630619,-73.9538746,Rogers Ave & Sterling St,692
693,3605.0,40.7658346,-73.9265474,31 Ave & Crescent St,693
694,3606.0,40.74252,-73.948852,49 Ave & 21 St,694
695,3607.0,40.7682,-73.9322662,31 Ave & 14 St,695
696,3608.0,40.7423737,-73.9566,5 St & 51 Ave,696
697,3609.0,40.7692475,-73.9354504,Vernon Blvd & 31 Ave,697
698,3610.0,40.770845,-73.934171,Vernon Blvd & 30 Rd,698
699,3611.0,40.7449067,-73.9534573,Vernon Blvd & 47 Rd,699
700,3612.0,40.7703743,-73.9286078,30 Ave & 21 St,700
701,3613.0,40.745038,-73.957539,Center Blvd & 48 Ave,701
702,3614.0,40.768692,-73.9249574,Crescent St & 30 Ave,702
703,3615.0,40.748,-73.9460927,44 Dr & 21 St,703
704,3616.0,40.7656251,-73.9136695,Steinway St & 28 Ave,704
705,3617.0,40.7671,-73.9169858,28 Ave & 35 St,705
706,3618.0,40.7485,-73.941275,27 St & Hunter St,706
707,3619.0,40.7713615,-73.9246145,Newtown Ave & 23 St,707
708,3620.0,40.7519071,-73.9479119,11 St & 43 Ave,708
709,3621.0,40.7739825,-73.9309134,27 Ave & 9 St,709
710,3622.0,40.80756,-73.939182,E 128 St & Madison Ave,710
711,3623.0,40.8109494,-73.9634,W 120 St & Claremont Ave,711
712,3628.0,40.8025566,-73.9490782,Lenox Ave & W 117 St,712
713,3629.0,40.80949534777948,-73.94776493310928,Adam Clayton Powell Blvd & W 126 St,713
714,3630.0,40.8038654,-73.9559308,Frederick Douglass Blvd & W 115 St,714
715,3631.0,40.666563,-73.956741,Crown St & Bedford Ave,715
716,3637.0,40.68323865460341,-73.96599590778351,Fulton St & Waverly Ave,716
717,3641.0,40.74286877312112,-73.98918628692627,Broadway & W 25 St,717
718,3646.0,40.76315481910373,-73.93985509872437,35 Ave & 10 St,718
719,3647.0,40.74128309355993,-73.93725872039794,48 Ave & 30 Pl,719
720,3648.0,40.69795031569544,-73.97077560424805,Flushing Ave & Vanderbilt Ave,720
721,3649.0,40.814394437915816,-73.95324736833572,W 129 St & Convent Ave,721
722,3654.0,40.75186951421875,-73.93349289894103,31 St & Northern Blvd,722
723,3656.0,40.72307749068673,-73.98583620786667,E 2 St & Avenue A,723
724,3658.0,40.7435337324616,-74.00367558002472,W 18 St & 9 Ave,724
725,3659.0,40.74294891660091,-74.00413691997528,W 17 St & 9 Ave,725
726,3660.0,40.74102150900266,-74.001384973526,W 16 St & 8 Ave,726
727,3661.0,40.666439306870814,-73.9605563879013,Montgomery St & Franklin Ave,727
728,3662.0,40.761293897289086,-73.916916847229,31 Ave & Steinway St,728
729,3664.0,40.72019521437465,-74.0103006362915,North Moore St & Greenwich St,729
730,3668.0,40.7239567849954,-73.94984364509583,Leonard St & Nassau Ave,730
731,3671.0,40.77477944895728,-73.95427465438843,E 81 St & 2 Ave,731
732,3673.0,40.67759206937376,-73.955637216568,Dean St & Franklin Ave,732
733,3674.0,40.70140317257725,-73.98672670125961,Jay St & York St,733
734,3675.0,40.78459679884892,-73.94968539476395,3 Ave & E 95 St,734
735,3676.0,40.6758329439129,-74.01472628116608,Van Brunt St & Van Dyke St,735
736,3680.0,40.754120810779256,-73.98025184869766,E 43 St & 5 Ave,736
737,3684.0,40.73756121181137,-74.00398269295692,W 12 St & W 4 St,737
738,3686.0,40.73944820130404,-74.00507032871246,Gansevoort St & Hudson St,738
739,3687.0,40.74322681432173,-73.97449783980846,E 33 St & 1 Ave,739
740,3689.0,40.79904139288298,-73.96649479866028,W 104 St & Amsterdam Ave,740
741,3690.0,40.71334184275907,-74.00935515761375,Park Pl & Church St,741
742,3691.0,40.76408932350688,-73.91065120697021,28 Ave & 44 St,742
743,3692.0,40.6999974843885,-73.97440128028393,5 St & Market St,743
744,3693.0,40.72248188638219,-73.95921930670738,N 11 St & Kent Ave,744
745,3697.0,40.77515953434235,-73.98918695747852,W 64 St & Thelonious Monk Circle,745
746,3699.0,40.76360467795863,-73.98917958140373,W 50 St & 9 Ave,746
747,3701.0,40.70831794366396,-74.00504082441329,Cliff St & Fulton St,747
748,3704.0,40.7437524099784,-73.94176483154297,47 Ave & Skillman Ave,748
749,3707.0,40.741459,-73.983293,Lexington Ave & E 26 St,749
750,3708.0,40.735445,-73.99431,W 13 St & 5 Ave,750
751,3709.0,40.738046142482766,-73.99642959237099,W 15 St & 6 Ave,751
752,3711.0,40.72966729392978,-73.98067966103554,E 13 St & Avenue A,752
753,3712.0,40.754691750226016,-73.99740189313889,W 35 St & Dyer Ave,753
754,3714.0,40.70684203101325,-73.9544353965357,Division Av & Hooper St,754
755,3715.0,40.71816969454208,-73.95520135760307,Driggs Ave & N 9 St,755
756,3716.0,40.7535992020056,-73.93795609474182,40 Ave & Crescent St,756
757,3718.0,40.72746420692392,-73.97950418293476,E 11 St & Avenue B,757
758,3720.0,40.68461653897949,-73.98721285164356,Wyckoff St & Bond St,758
759,3721.0,40.7675487799971,-73.9209334552288,31 St & Newtown Ave,759
760,3723.0,40.69531727766904,-73.99015724658966,Cadman Plaza E & Johnson St,760
761,3724.0,40.7667405590595,-73.9790689945221,7 Ave & Central Park South,761
762,3725.0,40.7687620293096,-73.95840793848038,2 Ave & E 72 St,762
763,3726.0,40.74336608027021,-73.95960688591003,Center Blvd & 51 Ave,763
764,3727.0,40.71766197083994,-73.94880026578903,Frost St & Meeker Ave,764
765,3728.0,40.69535693320225,-73.99344027042389,Pierrepont St & Monroe Pl,765
766,3733.0,40.730563,-73.973984,Avenue C & E 18 St,766
767,3734.0,40.759125,-73.962658,E 58 St &  1 Ave (NW Corner),767
768,3737.0,40.720747,-73.986274,Stanton St & Norfolk St,768
769,3745.0,40.75651272984955,-73.92957486212252,36 Ave & 31 St,769
770,3746.0,40.724308321602166,-74.00473035871983,6 Ave & Broome St,770
771,3747.0,40.77755374298887,-73.95512759685516,E 84 St & 3 Ave,771
772,3749.0,40.7475739589548,-73.9788007736206,Lexington Ave & E 36 St,772
